transaction_id,sku_id,sku_amount,sku_summ,sku_summ_paid,sku_discount
11,2,8.508434631,316.1061682,189.1468006,126.9593676
12,15,1.87856609,49.60868804,49.60868804,0
13,14,2.473395552,1328.011529,725.8129454,602.1985834
